單位代碼,單位全銜,單位縮寫,階層,上層單位代碼
395000000A,臺南市政府,臺南市政府,0,300000000A
395000100A,臺南市政府資訊中心 (106.11.1起停用),資訊中心 (106.11.1起停用),2,395002900-
395000111-,臺南市政府資訊中心規劃設計組 (106.11.1起停用),規劃設計組 (106.11.1起停用),3,395000100A
395000112-,臺南市政府資訊中心系統維護組 (106.11.1起停用),系統維護組 (106.11.1起停用),3,395000100A
395000121-,臺南市政府資訊中心駐府人員 (106.11.1起停用),駐府人員 (106.11.1起停用),3,395000100A
395000200A,臺南市政府公務人力發展中心,人力中心,2,395002600-
395000211-,臺南市政府公務人力發展中心教務組,教務組,3,395000200A
395000212-,臺南市政府公務人力發展中心總務組,總務組,3,395000200A
395000300A,臺南市政府智慧發展中心,智慧發展中心,2,395002900-
395000321-,臺南市政府智慧發展中心數位創新組,數位創新組,3,395000300A
395000322-,臺南市政府智慧發展中心資訊管理組,資訊管理組,3,395000300A
395000323-,臺南市政府智慧發展中心智慧應用組,智慧應用組,3,395000300A
395000331-,臺南市政府智慧發展中心駐府人員,駐府人員,3,395000300A444
395001100-,臺南市政府府本部,府本部,1,395000000A
395001101-,臺南市政府市長辦公室,市長辦公室,2,395001100-
395001102-,臺南市政府副市長辦公室,副市長辦公室,2,395001100-
395001103-,臺南市政府秘書長辦公室,秘書長辦公室,2,395001100-
395001104-,臺南市政府副秘書長辦公室,副秘書長辦公室,2,395001100-
395001105-,臺南市政府幕僚辦公室,幕僚辦公室,2,395001100-
395001116-,臺南市政府災害防救辦公室,災防辦公室,2,395001100-
3950011161,臺南市政府災害防救辦公室減災規劃組,減災規劃組,3,395001116-
3950011162,臺南市政府災害防救辦公室災害應變組,災害應變組,3,395001116-
3950011163,臺南市政府災害防救辦公室調查復原組,調查復原組,3,395001116-
3950011164,臺南市政府災害防救辦公室管考協調組,管考協調組,3,395001116-
395001117-,臺南市新大同營造中心,新大同營造中心,2,395001100-
395001118-,臺南市政府推動英語為第二官方語言專案辦公室,官方語專案辦公室,2,395001100-
395001131-,(外) 臺南市工商策進會,(外) 工商策進會,2,395001100-
395002100-,臺南市政府秘書處,秘書處,1,395000000A
395002111-,臺南市政府秘書處文書科,文書科,2,395002100-
3950021111,臺南市政府秘書處文書科一股,文書科一股,3,395002111-
3950021112,臺南市政府秘書處文書科二股,文書科二股,3,395002111-
395002112-,臺南市政府秘書處總務科,總務科,2,395002100-
3950021121,臺南市政府秘書處總務科一股,總務科一股,3,395002112-
3950021122,臺南市政府秘書處總務科二股,總務科二股,3,395002112-
395002113-,臺南市政府秘書處採購企劃管理科,採購企劃管理科,2,395002100-
395002114-,臺南市政府秘書處廳舍管理科,廳舍管理科,2,395002100-
395002115-,臺南市政府秘書處機要科,機要科,2,395002100-
395002116-,臺南市政府秘書處檔案科,檔案科,2,395002100-
395002300-,臺南市政府法制處,法制處,1,395000000A
395002305-,臺南市政府法制處消費者保護官室,消費者保護官室,2,395002300-
395002311-,臺南市政府法制處法制行政科,法制行政科,2,395002300-
395002312-,臺南市政府法制處行政救濟科,行政救濟科,2,395002300-
395002313-,臺南市政府法制處法規審議科,法規審議科,2,395002300-
395002400-,臺南市政府新聞及國際關係處,新聞及國際關係處,1,395000000A
395002421-,新聞及國際關係處影視數位行銷科,影視數位行銷科,2,395002400-
395002422-,新聞及國際關係處新聞傳播科,新聞傳播科,2,395002400-
395002423-,新聞及國際關係處國際關係科,國際關係科,2,395002400-
395002424-,新聞及國際關係處綜合企劃科,綜合企劃科,2,395002400-
395002500-,臺南市政府民族事務委員會,民族事務委員會,1,395000000A
395002511-,臺南市政府民族事務委員會原住民事務科,原住民事務科,2,395002500-
395002512-,臺南市政府民族事務委員會客家事務科,客家事務科,2,395002500-
395002513-,臺南市政府民族事務委員會綜合規劃科,綜合規劃科,2,395002500-
395002600-,臺南市政府人事處,人事處,1,395000000A
395002611-,臺南市政府人事處企劃科,企劃科,2,395002600-
3950026111,臺南市政府人事處企劃科一股,企劃科一股,3,395002611-
3950026112,臺南市政府人事處企劃科二股,企劃科二股,3,395002611-
395002612-,臺南市政府人事處考訓科,考訓科,2,395002600-
395002613-,臺南市政府人事處給與科,給與科,2,395002600-
395002614-,臺南市政府人事處人力科,人力科,2,395002600-
3950026141,臺南市政府人事處人力科一股,人力科一股,3,395002614-
3950026142,臺南市政府人事處人力科二股,人力科二股,3,395002614-
395002700-,臺南市政府主計處,主計處,1,395000000A
395002711-,臺南市政府主計處公務預算科,公務預算科,2,395002700-
3950027111,臺南市政府主計處公務預算科一股,公務預算科一股,3,395002711-
3950027112,臺南市政府主計處公務預算科二股,公務預算科二股,3,395002711-
395002712-,臺南市政府主計處會計科,會計科,2,395002700-
395002713-,臺南市政府主計處決算科,決算科,2,395002700-
395002714-,臺南市政府主計處統計科,統計科,2,395002700-
395002715-,臺南市政府主計處基金預算科,基金預算科,2,395002700-
395002800-,臺南市政府政風處,政風處,1,395000000A
395002811-,臺南市政府政風處政風行政科,政風行政科,2,395002800-
395002812-,臺南市政府政風處政風預防科,政風預防科,2,395002800-
3950028121,臺南市政府政風處政風預防科一股,政風預防科一股,3,395002812-
3950028122,臺南市政府政風處政風預防科二股,政風預防科二股,3,395002812-
395002813-,臺南市政府政風處政風查處科,政風查處科,2,395002800-
395002900-,臺南市政府研究發展考核委員會,研考會,1,395000000A
395002911-,研究發展考核委員會管制考核科,管制考核科,2,395002900-
395002912-,研究發展考核委員會綜規研展科,綜規研展科,2,395002900-
395002931-,研究發展考核委員會市民服務中心,市民服務中心,2,395002900-
395002932-,研究發展考核委員會話務中心,話務中心,2,395002900-
395020000A,臺南市政府民政局,民政局,1,395000000A
395020011-,臺南市政府民政局秘書室,秘書室,2,395020000A
395020012-,臺南市政府民政局人事室,人事室,2,395020000A
395020013-,臺南市政府民政局會計室,會計室,2,395020000A
395020014-,臺南市政府民政局政風室,政風室,2,395020000A
395020021-,臺南市政府民政局戶政科,戶政科,2,395020000A
395020022-,臺南市政府民政局生命事業科,生命事業科,2,395020000A
395020023-,臺南市政府民政局自治行政科,自治行政科,2,395020000A
395020024-,臺南市政府民政局宗教禮俗科,宗教禮俗科,2,395020000A
395020025-,臺南市政府民政局區里行政科,區里行政科,2,395020000A
395020026-,臺南市政府民政局兵役後勤科,兵役後勤科,2,395020000A
395020027-,臺南市政府民政局兵役徵集科,兵役徵集科,2,395020000A
395020100A,臺南市殯葬管理所,殯葬管理所,2,395020000A
395020111-,臺南市殯葬管理所第一組,第一組,3,395020100A
395020112-,臺南市殯葬管理所第二組,第二組,3,395020100A
395020113-,臺南市殯葬管理所第三組,第三組,3,395020100A
395022000A,"臺南市東區戶政事務所 (舊,106.7.4註銷)","東區戶政所 (舊,106.7.4註銷)",2,395020000A
395022100A,"臺南市南區戶政事務所 (舊,106.7.4註銷)","南區戶政所 (舊,106.7.4註銷)",2,395020000A
395022200A,"臺南市北區戶政事務所 (舊,106.7.4註銷)","北區戶政所 (舊,106.7.4註銷)",2,395020000A
395022300A,"臺南市安南區戶政事務所 (舊,106.7.4註銷)","安南區戶政所 (舊,106.7.4註銷)",2,395020000A
395022400A,"臺南市安平區戶政事務所 (舊,106.7.4註銷)","安平區戶政所 (舊,106.7.4註銷)",2,395020000A
395022500A,"臺南市中西區戶政事務所 (舊,106.7.4註銷)","中西區戶政所 (舊,106.7.4註銷)",2,395020000A
395022600A,"臺南市新營區戶政事務所 (舊,106.7.4註銷)","新營區戶政所 (舊,106.7.4註銷)",2,395020000A
395022700A,"臺南市鹽水區戶政事務所 (舊,106.7.4註銷)","鹽水區戶政所 (舊,106.7.4註銷)",2,395020000A
395022800A,"臺南市柳營區戶政事務所 (舊,106.7.4註銷)","柳營區戶政所 (舊,106.7.4註銷)",2,395020000A
395022900A,"臺南市白河區戶政事務所 (舊,106.7.4註銷)","白河區戶政所 (舊,106.7.4註銷)",2,395020000A
395023000A,"臺南市後壁區戶政事務所 (舊,106.7.4註銷)","後壁區戶政所 (舊,106.7.4註銷)",2,395020000A
395023100A,"臺南市東山區戶政事務所 (舊,106.7.4註銷)","東山區戶政所 (舊,106.7.4註銷)",2,395020000A
395023200A,"臺南市麻豆區戶政事務所 (舊,106.7.4註銷)","麻豆區戶政所 (舊,106.7.4註銷)",2,395020000A
395023300A,"臺南市下營區戶政事務所 (舊,106.7.4註銷)","下營區戶政所 (舊,106.7.4註銷)",2,395020000A
395023400A,"臺南市六甲區戶政事務所 (舊,106.7.4註銷)","六甲區戶政所 (舊,106.7.4註銷)",2,395020000A
395023500A,"臺南市官田區戶政事務所 (舊,106.7.4註銷)","官田區戶政所 (舊,106.7.4註銷)",2,395020000A
395023600A,"臺南市佳里區戶政事務所 (舊,106.7.4註銷)","佳里區戶政所 (舊,106.7.4註銷)",2,395020000A
395023700A,"臺南市西港區戶政事務所 (舊,106.7.4註銷)","西港區戶政所 (舊,106.7.4註銷)",2,395020000A
395023800A,"臺南市七股區戶政事務所 (舊,106.7.4註銷)","七股區戶政所 (舊,106.7.4註銷)",2,395020000A
395023900A,"臺南市學甲區戶政事務所 (舊,106.7.4註銷)","學甲區戶政所 (舊,106.7.4註銷)",2,395020000A
395024000A,"臺南市將軍區戶政事務所 (舊,106.7.4註銷)","將軍區戶政所 (舊,106.7.4註銷)",2,395020000A
395024100A,"臺南市北門區戶政事務所 (舊,106.7.4註銷)","北門區戶政所 (舊,106.7.4註銷)",2,395020000A
395024200A,"臺南市新化區戶政事務所 (舊,106.7.4註銷)","新化區戶政所 (舊,106.7.4註銷)",2,395020000A
395024300A,"臺南市山上區戶政事務所 (舊,106.7.4註銷)","山上區戶政所 (舊,106.7.4註銷)",2,395020000A
395024400A,"臺南市左鎮區戶政事務所 (舊,106.7.4註銷)","左鎮區戶政所 (舊,106.7.4註銷)",2,395020000A
395024500A,"臺南市善化區戶政事務所 (舊,106.7.4註銷)","善化區戶政所 (舊,106.7.4註銷)",2,395020000A
395024600A,"臺南市安定區戶政事務所 (舊,106.7.4註銷)","安定區戶政所 (舊,106.7.4註銷)",2,395020000A
395024700A,"臺南市大內區戶政事務所 (舊,106.7.4註銷)","大內區戶政所 (舊,106.7.4註銷)",2,395020000A
395024800A,"臺南市玉井區戶政事務所 (舊,106.7.4註銷)","玉井區戶政所 (舊,106.7.4註銷)",2,395020000A
395024900A,"臺南市楠西區戶政事務所 (舊,106.7.4註銷)","楠西區戶政所 (舊,106.7.4註銷)",2,395020000A
395025000A,"臺南市南化區戶政事務所 (舊,106.7.4註銷)","南化區戶政所 (舊,106.7.4註銷)",2,395020000A
395025100A,"臺南市歸仁區戶政事務所 (舊,106.7.4註銷)","歸仁區戶政所 (舊,106.7.4註銷)",2,395020000A
395025200A,"臺南市仁德區戶政事務所 (舊,106.7.4註銷)","仁德區戶政所 (舊,106.7.4註銷",2,395020000A
395025300A,"臺南市關廟區戶政事務所 (舊,106.7.4註銷)","關廟區戶政所 (舊,106.7.4註銷)",2,395020000A
395025400A,"臺南市龍崎區戶政事務所 (舊,106.7.4註銷)","龍崎區戶政所 (舊,106.7.4註銷)",2,395020000A
395025500A,"臺南市新市區戶政事務所 (舊,106.7.4註銷)","新市區戶政所 (舊,106.7.4註銷)",2,395020000A
395025600A,"臺南市永康區戶政事務所 (舊,106.7.4註銷)","永康區戶政所 (舊,106.7.4註銷)",2,395020000A
395025700A,臺南市永康戶政事務所,永康戶政所,2,395020000A
395025800A,臺南市府東戶政事務所,府東戶政所,2,395020000A
395025900A,臺南市安南戶政事務所,安南戶政所,2,395020000A
395026000A,臺南市府北戶政事務所,府北戶政所,2,395020000A
395026100A,臺南市新營戶政事務所,新營戶政所,2,395020000A
395026200A,臺南市府南戶政事務所,府南戶政所,2,395020000A
395026300A,臺南市歸仁戶政事務所,歸仁戶政所,2,395020000A
395026400A,臺南市佳里戶政事務所,佳里戶政所,2,395020000A
395026500A,臺南市白河戶政事務所,白河戶政所,2,395020000A
395026600A,臺南市中西戶政事務所,中西戶政所,2,395020000A
395026700A,臺南市善化戶政事務所,善化戶政所,2,395020000A
395026800A,臺南市仁德戶政事務所,仁德戶政所,2,395020000A
395026900A,臺南市麻豆戶政事務所,麻豆戶政所,2,395020000A
395027000A,臺南市安平戶政事務所,安平戶政所,2,395020000A
395027100A,臺南市新化戶政事務所,新化戶政所,2,395020000A
395027200A,臺南市學甲戶政事務所,學甲戶政所,2,395020000A
395027300A,臺南市玉井戶政事務所,玉井戶政所,2,395020000A
395027400A,臺南市官田戶政事務所,官田戶政所,2,395020000A
395040000E,臺南市政府教育局,教育局,1,395000000A
395040001-,臺南市政府教育局局長室,局長室,2,395040000E
395040002-,臺南市政府教育局副局長室,副局長室,2,395040000E
395040003-,臺南市政府教育局專門委員室,專委室,2,395040000E
395040006-,臺南市政府教育局主任秘書室,主任秘書室,2,395040000E
395040011-,臺南市政府教育局人事室,人事室,2,395040000E
3950400111,臺南市政府教育局人事室第一股,人事室第一股,3,395040011-
3950400112,臺南市政府教育局人事室第二股,人事室第二股,3,395040011-
395040012-,臺南市政府教育局秘書室,秘書室,2,395040000E
395040013-,臺南市政府教育局會計室,會計室,2,395040000E
395040014-,臺南市政府教育局政風室,政風室,2,395040000E
395040021-,臺南市政府教育局中等教育科,中等教育科,2,395040000E
3950400211,臺南市政府教育局中等教育科第一股,中等教育科第一股,3,395040021-
3950400212,臺南市政府教育局中等教育科第二股,中等教育科第二股,3,395040021-
395040022-,臺南市政府教育局課程發展科,課程發展科,2,395040000E
3950400221,臺南市政府教育局課程發展科第一股,課程發展科第一股,3,395040022-
3950400222,臺南市政府教育局課程發展科第二股,課程發展科第二股,3,395040022-
395040024-,臺南市政府教育局學輔校安科,學輔校安科,2,395040000E
3950400241,臺南市政府教育局學輔校安科第一股,學輔校安科第一股,3,395040024-
3950400242,臺南市政府教育局學輔校安科第二股,學輔校安科第二股,3,395040024-
395040025-,臺南市政府教育局社會教育科,社會教育科,2,395040000E
395040026-,臺南市政府教育局特幼教育科,特幼教育科,2,395040000E
3950400261,臺南市政府教育局特幼教育科第一股,特幼教育科第一股,3,395040026-
3950400262,臺南市政府教育局特幼教育科第二股,特幼教育科第二股,3,395040026-
395040027-,臺南市政府教育局永續校園科,永續校園科,2,395040000E
395040100E,臺南市南瀛科學教育館,南瀛科教館,2,395040000E
395040200E,臺南市家庭教育中心,家庭教育中心,2,395040000E
395040300E,臺南市體育處,體育處,2,395040000E
395040311-,臺南市體育處總務組,總務組,3,395040300E
395040312-,臺南市體育處活動組,活動組,3,395040300E
395040313-,臺南市體育處籌備會,籌備會,3,395040300E
395049100U,臺南市立南寧高級中學,南寧高中,2,395040000E
395049200U,臺南市立土城高級中學,土城高中,2,395040000E
395049300U,臺南市立永仁高級中學,永仁高中,2,395040000E
395049400U,臺南市立大灣高級中學,大灣高中,2,395040000E
395055100X,臺南市立大成國民中學,大成國中,2,395040000E
395055200X,臺南市立延平國民中學,延平國中,2,395040000E
395055300X,臺南市立安南國民中學,安南國中,2,395040000E
395055400X,臺南市立中山國民中學,中山國中,2,395040000E
395055500X,臺南市立金城國民中學,金城國中,2,395040000E
395055600X,臺南市立忠孝國民中學,忠孝國中,2,395040000E
395055700X,臺南市立成功國民中學,成功國中,2,395040000E
395055800X,臺南市立建興國民中學,建興國中,2,395040000E
395055900X,臺南市立民德國民中學,民德國中,2,395040000E
395056000X,臺南市立後甲國民中學,後甲國中,2,395040000E
395056100X,臺南市立安平國民中學,安平國中,2,395040000E
395056200X,臺南市立安順國民中學,安順國中,2,395040000E
395056300X,臺南市立復興國民中學,復興國中,2,395040000E
395056400X,臺南市立新興國民中學,新興國中,2,395040000E
395056500X,臺南市立文賢國民中學,文賢國中,2,395040000E
395056600X,臺南市立崇明國民中學,崇明國中,2,395040000E
395056700X,臺南市立和順國民中學,和順國中,2,395040000E
395056800X,臺南市立海佃國民中學,海佃國中,2,395040000E
395056900X,臺南市立歸仁國民中學,歸仁國中,2,395040000E
395057000X,臺南市立永康國民中學,永康國中,2,395040000E
395057100X,臺南市立新化國民中學,新化國中,2,395040000E
395057200X,臺南市立善化國民中學,善化國中,2,395040000E
395057300X,臺南市立玉井國民中學,玉井國中,2,395040000E
395057400X,臺南市立麻豆國民中學,麻豆國中,2,395040000E
395057500X,臺南市立下營國民中學,下營國中,2,395040000E
395057600X,臺南市立六甲國民中學,六甲國中,2,395040000E
395057700X,臺南市立佳里國民中學,佳里國中,2,395040000E
395057800X,臺南市立學甲國民中學,學甲國中,2,395040000E
395057900X,臺南市立南新國民中學,南新國中,2,395040000E
395058000X,臺南市立鹽水國民中學,鹽水國中,2,395040000E
395058100X,臺南市立白河國民中學,白河國中,2,395040000E
395058200X,臺南市立東山國民中學,東山國中,2,395040000E
395058300X,臺南市立仁德國民中學,仁德國中,2,395040000E
395058400X,臺南市立關廟國民中學,關廟國中,2,395040000E
395058500X,臺南市立龍崎國民中學,龍崎國中,2,395040000E
395058600X,臺南市立新市國民中學,新市國中,2,395040000E
395058700X,臺南市立安定國民中學,安定國中,2,395040000E
395058800X,臺南市立山上國民中學,山上國中,2,395040000E
395058900X,臺南市立楠西國民中學,楠西國中,2,395040000E
395059000X,臺南市立南化國民中學,南化國中,2,395040000E
395059100X,臺南市立左鎮國民中學,左鎮國中,2,395040000E
395059200X,臺南市立官田國民中學,官田國中,2,395040000E
395059300X,臺南市立大內國民中學,大內國中,2,395040000E
395059400X,臺南市立西港國民中學,西港國中,2,395040000E
395059500X,臺南市立後港國民中學,後港國中,2,395040000E
395059600X,臺南市立將軍國民中學,將軍國中,2,395040000E
395059700X,臺南市立北門國民中學,北門國中,2,395040000E
395059800X,臺南市立新東國民中學,新東國中,2,395040000E
395059900X,臺南市立柳營國民中學,柳營國中,2,395040000E
395060000X,臺南市立後壁國民中學,後壁國中,2,395040000E
395060100X,臺南市立竹橋國民中學,竹橋國中,2,395040000E
395060200X,臺南市立東原國民中學,東原國中,2,395040000E
395060300X,臺南市立佳興國民中學,佳興國中,2,395040000E
395060400X,臺南市立菁寮國民中學,菁寮國中,2,395040000E
395060500X,臺南市立仁德文賢國民中學,仁德文賢國中,2,395040000E
395060600X,臺南市立太子國民中學,太子國中,2,395040000E
395060700X,臺南市立大橋國民中學,大橋國中,2,395040000E
395060800X,臺南市立沙崙國民中學,沙崙國中,2,395040000E
395060900z,臺南市私立昭明國民中學,昭明國中,2,395040000E
395070100Y,臺南市東區勝利國民小學,東區勝利國小,2,395040000E
395070200Y,臺南市東區大同國民小學,東區大同國小,2,395040000E
395070300Y,臺南市東區東光國民小學,東區東光國小,2,395040000E
395070400Y,臺南市東區博愛國民小學,東區博愛國小,2,395040000E
395070500Y,臺南市南區省躬國民小學,南區省躬國小,2,395040000E
395070600Y,臺南市南區喜樹國民小學,南區喜樹國小,2,395040000E
395070700Y,臺南市南區龍崗國民小學,南區龍崗國小,2,395040000E
395070800Y,臺南市南區日新國民小學,南區日新國小,2,395040000E
395070900Y,臺南市南區新興國民小學,南區新興國小,2,395040000E
395071000Y,臺南市南區志開國民小學,南區志開國小,2,395040000E
395071100Y,臺南市北區立人國民小學,北區立人國小,2,395040000E
395071200Y,臺南市北區公園國民小學,北區公園國小,2,395040000E
395071300Y,臺南市北區開元國民小學,北區開元國小,2,395040000E
395071400Y,臺南市北區大光國民小學,北區大光國小,2,395040000E
395071500Y,臺南市安平區石門國民小學,安平區石門國小,2,395040000E
395071600Y,臺南市安平區西門國民小學,安平區西門國小,2,395040000E
395071700Y,臺南市安南區安順國民小學,安南區安順國小,2,395040000E
395071800Y,臺南市安南區海東國民小學,安南區海東國小,2,395040000E
395071900Y,臺南市安南區土城國民小學,安南區土城國小,2,395040000E
395072000Y,臺南市安南區鎮海國民小學,安南區鎮海國小,2,395040000E
395072100Y,臺南市安南區長安國民小學,安南區長安國小,2,395040000E
395072200Y,臺南市安南區顯宮國民小學,安南區顯宮國小,2,395040000E
395072300Y,臺南市安南區安佃國民小學,安南區安佃國小,2,395040000E
395072400Y,臺南市安南區和順國民小學,安南區和順國小,2,395040000E
395072500Y,臺南市安南區南興國民小學,安南區南興國小,2,395040000E
395072600Y,臺南市東區德高國民小學,東區德高國小,2,395040000E
395072700Y,臺南市安南區青草國民小學,安南區青草國小,2,395040000E
395072800Y,臺南市南區永華國民小學,南區永華國小,2,395040000E
395072900Y,臺南市東區崇學國民小學,東區崇學國小,2,395040000E
395073000Y,臺南市安南區安慶國民小學,安南區安慶國小,2,395040000E
395073100Y,臺南市北區大港國民小學,北區大港國小,2,395040000E
395073200Y,臺南市安南區海佃國民小學,安南區海佃國小,2,395040000E
395073300Y,臺南市東區復興國民小學,東區復興國小,2,395040000E
395073400Y,臺南市東區崇明國民小學,東區崇明國小,2,395040000E
395073500Y,臺南市安平區安平國民小學,安平區安平國小,2,395040000E
395073600Y,臺南市北區文元國民小學,北區文元國小,2,395040000E
395073700Y,臺南市安南區學東國民小學,安南區學東國小,2,395040000E
395073800Y,臺南市安平區億載國民小學,安平區億載國小,2,395040000E
395073900Y,臺南市中西區進學國民小學,中西區進學國小,2,395040000E
395074000Y,臺南市中西區成功國民小學,中西區成功國小,2,395040000E
395074100Y,臺南市中西區永福國民小學,中西區永福國小,2,395040000E
395074200Y,臺南市中西區忠義國民小學,中西區忠義國小,2,395040000E
395074300Y,臺南市中西區協進國民小學,中西區協進國小,2,395040000E
395074500Y,臺南市北區賢北國民小學,北區賢北國小,2,395040000E
395074600Y,臺南市東區裕文國民小學,東區裕文國小,2,395040000E
395074700Y,臺南市仁德區仁德國民小學,仁德區仁德國小,2,395040000E
395074800Y,臺南市仁德區文賢國民小學,仁德區文賢國小,2,395040000E
395074900Y,臺南市仁德區長興國民小學,仁德區長興國小,2,395040000E
395075000Y,臺南市仁德區依仁國民小學,仁德區依仁國小,2,395040000E
395075100Y,臺南市仁德區大甲國民小學,仁德區大甲國小,2,395040000E
395075200Y,臺南市仁德區仁和國民小學,仁德區仁和國小,2,395040000E
395075300Y,臺南市仁德區德南國民小學,仁德區德南國小,2,395040000E
395075400Y,臺南市仁德區虎山實驗小學,仁德區虎山實小,2,395040000E
395075500Y,臺南市歸仁區歸仁國民小學,歸仁區歸仁國小,2,395040000E
395075600Y,臺南市歸仁區歸南國民小學,歸仁區歸南國小,2,395040000E
395075700Y,臺南市歸仁區保西國民小學,歸仁區保西國小,2,395040000E
395075800Y,臺南市歸仁區大潭國民小學,歸仁區大潭國小,2,395040000E
395075900Y,臺南市關廟區關廟國民小學,關廟區關廟國小,2,395040000E
395076000Y,臺南市關廟區五甲國民小學,關廟區五甲國小,2,395040000E
395076100Y,臺南市關廟區保東國民小學,關廟區保東國小,2,395040000E
395076200Y,臺南市關廟區崇和國民小學,關廟區崇和國小,2,395040000E
395076300Y,臺南市關廟區深坑國民小學,關廟區深坑國小,2,395040000E
395076400Y,臺南市關廟區新光國民小學,關廟區新光國小,2,395040000E
395076500Y,臺南市龍崎區龍崎國民小學,龍崎區龍崎國小,2,395040000E
395076600Y,臺南市新化區新化國民小學,新化區新化國小,2,395040000E
395076700Y,臺南市新化區那拔國民小學,新化區那拔國小,2,395040000E
395076800Y,臺南市新化區大新國民小學,新化區大新國小,2,395040000E
395076900Y,臺南市善化區善化國民小學,善化區善化國小,2,395040000E
395077000Y,臺南市善化區茄拔國民小學,善化區茄拔國小,2,395040000E
395077100Y,臺南市善化區大同國民小學,善化區大同國小,2,395040000E
395077200Y,臺南市善化區大成國民小學,善化區大成國小,2,395040000E
395077300Y,臺南市善化區陽明國民小學,善化區陽明國小,2,395040000E
395077400Y,臺南市善化區善糖國民小學,善化區善糖國小,2,395040000E
395077500Y,臺南市新市區新市國民小學,新市區新市國小,2,395040000E
395077600Y,臺南市新市區大社國民小學,新市區大社國小,2,395040000E
395077700Y,臺南市安定區安定國民小學,安定區安定國小,2,395040000E
395077800Y,臺南市安定區南安國民小學,安定區南安國小,2,395040000E
395077900Y,臺南市安定區南興國民小學,安定區南興國小,2,395040000E
395078000Y,臺南市山上區山上國民小學,山上區山上國小,2,395040000E
395078100Y,臺南市玉井區玉井國民小學,玉井區玉井國小,2,395040000E
395078200Y,臺南市玉井區層林國民小學,玉井區層林國小,2,395040000E
395078300Y,臺南市楠西區楠西國民小學,楠西區楠西國小,2,395040000E
395078400Y,臺南市南化區南化國民小學,南化區南化國小,2,395040000E
395078500Y,臺南市南化區北寮國民小學,南化區北寮國小,2,395040000E
395078600Y,臺南市南化區西埔國民小學,南化區西埔國小,2,395040000E
395078700Y,臺南市南化區玉山國民小學,南化區玉山國小,2,395040000E
395078800Y,臺南市左鎮區左鎮國民小學,左鎮區左鎮國小,2,395040000E
395078900Y,臺南市左鎮區光榮國民小學,左鎮區光榮國小,2,395040000E
395079000Y,臺南市麻豆區麻豆國民小學,麻豆區麻豆國小,2,395040000E
395079100Y,臺南市麻豆區培文國民小學,麻豆區培文國小,2,395040000E
395079200Y,臺南市麻豆區文正國民小學,麻豆區文正國小,2,395040000E
395079300Y,臺南市麻豆區大山國民小學,麻豆區大山國小,2,395040000E
395079400Y,臺南市麻豆區安業國民小學,麻豆區安業國小,2,395040000E
395079500Y,臺南市麻豆區北勢國民小學,麻豆區北勢國小,2,395040000E
395079600Y,臺南市麻豆區港尾國民小學,麻豆區港尾國小,2,395040000E
395079700Y,臺南市麻豆區紀安國民小學,麻豆區紀安國小,2,395040000E
395079800Y,臺南市下營區下營國民小學,下營區下營國小,2,395040000E
395079900Y,臺南市下營區中營國民小學,下營區中營國小,2,395040000E
395080000Y,臺南市下營區賀建國民小學,下營區賀建國小,2,395040000E
395080100Y,臺南市下營區甲中國民小學,下營區甲中國小,2,395040000E
395080200Y,臺南市下營區東興國民小學,下營區東興國小,2,395040000E
395080300Y,臺南市六甲區六甲國民小學,六甲區六甲國小,2,395040000E
395080400Y,臺南市六甲區林鳳國民小學,六甲區林鳳國小,2,395040000E
395080500Y,臺南市官田區官田國民小學,官田區官田國小,2,395040000E
395080600Y,臺南市官田區隆田國民小學,官田區隆田國小,2,395040000E
395080700Y,臺南市官田區嘉南國民小學,官田區嘉南國小,2,395040000E
395080800Y,臺南市官田區渡拔國民小學,官田區渡拔國小,2,395040000E
395080900Y,臺南市大內區大內國民小學,大內區大內國小,2,395040000E
395081000Y,臺南市大內區二溪國民小學,大內區二溪國小,2,395040000E
395081100Y,臺南市佳里區佳里國民小學,佳里區佳里國小,2,395040000E
395081200Y,臺南市佳里區佳興國民小學,佳里區佳興國小,2,395040000E
395081300Y,臺南市佳里區延平國民小學,佳里區延平國小,2,395040000E
395081400Y,臺南市佳里區塭內國民小學,佳里區塭內國小,2,395040000E
395081500Y,臺南市佳里區子龍國民小學,佳里區子龍國小,2,395040000E
395081600Y,臺南市佳里區仁愛國民小學,佳里區仁愛國小,2,395040000E
395081700Y,臺南市佳里區通興國民小學,佳里區通興國小,2,395040000E
395081800Y,臺南市西港區西港國民小學,西港區西港國小,2,395040000E
395081900Y,臺南市西港區成功國民小學,西港區成功國小,2,395040000E
395082000Y,臺南市西港區後營國民小學,西港區後營國小,2,395040000E
395082100Y,臺南市七股區七股國民小學,七股區七股國小,2,395040000E
395082200Y,臺南市七股區後港國民小學,七股區後港國小,2,395040000E
395082300Y,臺南市七股區竹橋國民小學,七股區竹橋國小,2,395040000E
395082400Y,臺南市七股區三股國民小學,七股區三股國小,2,395040000E
395082500Y,臺南市七股區光復國民小學,七股區光復國小,2,395040000E
395082600Y,臺南市七股區篤加國民小學,七股區篤加國小,2,395040000E
395082700Y,臺南市七股區龍山國民小學,七股區龍山國小,2,395040000E
395082800Y,臺南市七股區建功國民小學,七股區建功國小,2,395040000E
395082900Y,臺南市將軍區將軍國民小學,將軍區將軍國小,2,395040000E
395083000Y,臺南市將軍區漚汪國民小學,將軍區漚汪國小,2,395040000E
395083100Y,臺南市將軍區苓和國民小學,將軍區苓和國小,2,395040000E
395083200Y,臺南市將軍區鯤鯓國民小學,將軍區鯤鯓國小,2,395040000E
395083300Y,臺南市將軍區長平國民小學,將軍區長平國小,2,395040000E
395083400Y,臺南市北門區北門國民小學,北門區北門國小,2,395040000E
395083500Y,臺南市北門區蚵寮國民小學,北門區蚵寮國小,2,395040000E
395083600Y,臺南市北門區文山國民小學,北門區文山國小,2,395040000E
395083700Y,臺南市北門區錦湖國民小學,北門區錦湖國小,2,395040000E
395083800Y,臺南市北門區雙春國民小學,北門區雙春國小,2,395040000E
395083900Y,臺南市北門區三慈國民小學,北門區三慈國小,2,395040000E
395084000Y,臺南市學甲區學甲國民小學,學甲區學甲國小,2,395040000E
395084100Y,臺南市學甲區中洲國民小學,學甲區中洲國小,2,395040000E
395084200Y,臺南市學甲區宅港國民小學,學甲區宅港國小,2,395040000E
395084300Y,臺南市學甲區頂洲國民小學,學甲區頂洲國小,2,395040000E
395084400Y,臺南市學甲區東陽國民小學,學甲區東陽國小,2,395040000E
395084500Y,臺南市新營區新營國民小學,新營區新營國小,2,395040000E
395084600Y,臺南市新營區新民國民小學,新營區新民國小,2,395040000E
395084700Y,臺南市新營區新橋國民小學,新營區新橋國小,2,395040000E
395084800Y,臺南市新營區新興國民小學,新營區新興國小,2,395040000E
395084900Y,臺南市新營區新進國民小學,新營區新進國小,2,395040000E
395085000Y,臺南市新營區南梓國民小學,新營區南梓國小,2,395040000E
395085100Y,臺南市後壁區樹人國民小學,後壁區樹人國小,2,395040000E
395085200Y,臺南市東山區東山國民小學,東山區東山國小,2,395040000E
395085300Y,臺南市東山區聖賢國民小學,東山區聖賢國小,2,395040000E
395085400Y,臺南市東山區東原國民小學,東山區東原國小,2,395040000E
395085500Y,臺南市新營區新生國民小學,新營區新生國小,2,395040000E
395085600Y,臺南市新營區土庫國民小學,新營區土庫國小,2,395040000E
395085700Y,臺南市新營區公誠國民小學,新營區公誠國小,2,395040000E
395085800Y,臺南市鹽水區鹽水國民小學,鹽水區鹽水國小,2,395040000E
395085900Y,臺南市鹽水區歡雅國民小學,鹽水區歡雅國小,2,395040000E
395086000Y,臺南市鹽水區月津國民小學,鹽水區月津國小,2,395040000E
395086100Y,臺南市鹽水區竹埔國民小學,鹽水區竹埔國小,2,395040000E
395086200Y,臺南市鹽水區仁光國民小學,鹽水區仁光國小,2,395040000E
395086300Y,臺南市鹽水區岸內國民小學,鹽水區岸內國小,2,395040000E
395086400Y,臺南市白河區白河國民小學,白河區白河國小,2,395040000E
395086500Y,臺南市白河區玉豐國民小學,白河區玉豐國小,2,395040000E
395086600Y,臺南市白河區竹門國民小學,白河區竹門國小,2,395040000E
395086700Y,臺南市白河區內角國民小學,白河區內角國小,2,395040000E
395086800Y,臺南市白河區仙草國民小學,白河區仙草國小,2,395040000E
395086900Y,臺南市白河區河東國民小學,白河區河東國小,2,395040000E
395087000Y,臺南市白河區大竹國民小學,白河區大竹國小,2,395040000E
395087100Y,臺南市柳營區柳營國民小學,柳營區柳營國小,2,395040000E
395087200Y,臺南市柳營區果毅國民小學,柳營區果毅國小,2,395040000E
395087300Y,臺南市柳營區重溪國民小學,柳營區重溪國小,2,395040000E
395087400Y,臺南市柳營區太康國民小學,柳營區太康國小,2,395040000E
395087500Y,臺南市柳營區新山國民小學,柳營區新山國小,2,395040000E
395087600Y,臺南市後壁區後壁國民小學,後壁區後壁國小,2,395040000E
395087700Y,臺南市後壁區菁寮國民小學,後壁區菁寮國小,2,395040000E
395087800Y,臺南市後壁區安溪國民小學,後壁區安溪國小,2,395040000E
395087900Y,臺南市後壁區新東國民小學,後壁區新東國小,2,395040000E
395088000Y,臺南市後壁區永安國民小學,後壁區永安國小,2,395040000E
395088100Y,臺南市後壁區新嘉國民小學,後壁區新嘉國小,2,395040000E
395088200Y,臺南市東山區青山國民小學,東山區青山國小,2,395040000E
395088300Y,臺南市七股區大文國民小學,七股區大文國小,2,395040000E
395088400Y,臺南市善化區小新國民小學,善化區小新國小,2,395040000E
395088500Y,臺南市七股區樹林國民小學,七股區樹林國小,2,395040000E
395088600Y,臺南市西港區松林國民小學,西港區松林國小,2,395040000E
395088700Y,臺南市鹽水區文昌國民小學,鹽水區文昌國小,2,395040000E
395088800Y,臺南市南化區瑞峰國民小學,南化區瑞峰國小,2,395040000E
395088900Y,臺南市西港區港東國民小學,西港區港東國小,2,395040000E
395089000Y,臺南市關廟區文和國民小學,關廟區文和國小,2,395040000E
395089100Y,臺南市永康區永康國民小學,永康區永康國小,2,395040000E
395089200Y,臺南市永康區大灣國民小學,永康區大灣國小,2,395040000E
395089300Y,臺南市永康區三村國民小學,永康區三村國小,2,395040000E
395089400Y,臺南市永康區西勢國民小學,永康區西勢國小,2,395040000E
395089500Y,臺南市永康區復興國民小學,永康區復興國小,2,395040000E
395089600Y,臺南市永康區龍潭國民小學,永康區龍潭國小,2,395040000E
395089700Y,臺南市永康區大橋國民小學,永康區大橋國小,2,395040000E
395089800Y,臺南市永康區崑山國民小學,永康區崑山國小,2,395040000E
395089900Y,臺南市永康區五王國民小學,永康區五王國小,2,395040000E
395090000Y,臺南市歸仁區文化國民小學,歸仁區文化國小,2,395040000E
395090100Y,臺南市新化區正新國民小學,新化區正新國小,2,395040000E
395090200Y,臺南市佳里區信義國民小學,佳里區信義國小,2,395040000E
395090300Y,臺南市永康區永信國民小學,永康區永信國小,2,395040000E
395090400Y,臺南市新營區新泰國民小學,新營區新泰國小,2,395040000E
395090500Y,臺南市永康區勝利國民小學,永康區勝利國小,2,395040000E
395090600Y,臺南市歸仁區紅瓦厝國民小學,歸仁區紅瓦厝國小,2,395040000E
395090700Y,臺南市新化區口碑國民小學,新化區口碑國小,2,395040000E
395090800Y,臺南市鹽水區坔頭港國民小學,鹽水區坔頭港國小,2,395040000E
395090900Y,臺南市東山區吉貝耍國民小學,東山區吉貝耍國小,2,395040000E
395091000Y,臺南市安平區新南國民小學,安平區新南國小,2,395040000E
395099100Z,臺南市立第一幼兒園,第一幼兒園,2,395040000E
395110000G,臺南市政府工務局,工務局,1,395000000A
395110001-,臺南市政府工務局局長室,局長室,2,395110000G
395110002-,臺南市政府工務局副局長室,副局長室,2,395110000G
395110003-,臺南市政府工務局總工程司室,總工程司室,2,395110000G
395110004-,臺南市政府工務局副總工程司室,副總工程司室,2,395110000G
395110005-,臺南市政府工務局副主任秘書室,主任秘書室,2,395110000G
395110011-,臺南市政府工務局秘書室,秘書室,2,395110000G
395110012-,臺南市政府工務局人事室,人事室,2,395110000G
395110013-,臺南市政府工務局會計室,會計室,2,395110000G
395110014-,臺南市政府工務局政風室,政風室,2,395110000G
395110021-,臺南市政府工務局工程企劃科,工程企劃科,2,395110000G
395110022-,臺南市政府工務局採購品管科,採購品管科,2,395110000G
395110023-,臺南市政府工務局建築管理科,建築管理科,2,395110000G
3951100231,臺南市政府工務局建築管理科一股,建築管理科一股,3,395110023-
3951100232,臺南市政府工務局建築管理科二股,建築管理科二股,3,395110023-
395110024-,臺南市政府工務局使用管理科,使用管理科,2,395110000G
3951100241,臺南市政府工務局使用管理科一股,使用管理科一股,3,395110024-
3951100242,臺南市政府工務局使用管理科二股,使用管理科二股,3,395110024-
395110025-,臺南市政府工務局公園管理科,公園管理科,2,395110000G
3951100251,臺南市政府工務局公園管理科一股,公園管理科一股,3,395110025-
3951100252,臺南市政府工務局公園管理科二股,公園管理科二股,3,395110025-
395110026-,臺南市政府工務局養護工程科,養護工程科,2,395110000G
3951100261,臺南市政府工務局養護工程科一股,養護工程科一股,3,395110026-
3951100262,臺南市政府工務局養護工程科二股,養護工程科二股,3,395110026-
395110027-,臺南市政府工務局新建工程科,新建工程科,2,395110000G
3951100271,臺南市政府工務局新建工程科一股,新建工程科一股,3,395110027-
3951100272,臺南市政府工務局新建工程科二股,新建工程科二股,3,395110027-
3951100273,臺南市政府工務局新建工程科三股,新建工程科三股,3,395110027-
395110028-,臺南市政府工務局建築工程科,建築工程科,2,395110000G
395110031-,臺南市政府工務局第一工務大隊,第一工務大隊,2,395110000G
395110032-,臺南市政府工務局第二工務大隊,第二工務大隊,2,395110000G
395110033-,臺南市政府工務局第三工務大隊,第三工務大隊,2,395110000G
395120000J,臺南市政府社會局,社會局,1,395000000A
395120001-,臺南市政府社會局局長室,局長室,2,395120000J
395120002-,臺南市政府社會局副局長室,副局長室,2,395120000J
395120011-,臺南市政府社會局人事室,人事室,2,395120000J
395120012-,臺南市政府社會局會計室,會計室,2,395120000J
395120013-,臺南市政府社會局政風室,政風室,2,395120000J
395120014-,臺南市政府社會局秘書室,秘書室,2,395120000J
395120021-,臺南市政府社會局人民團體科,人民團體科,2,395120000J
395120022-,臺南市政府社會局社會工作及家庭福利科,社會工作及家庭福利科,2,395120000J
395120023-,臺南市政府社會局社會救助科,社會救助科,2,395120000J
395120024-,臺南市政府社會局身心障礙福利科,身心障礙福利科,2,395120000J
395120025-,臺南市政府社會局老人福利科,老人福利科,2,395120000J
395120026-,臺南市政府社會局婦女及兒童少年福利科,婦女及兒童少年福利科,2,395120000J
395120100J,臺南市立仁愛之家,仁愛之家,2,395120000J
395120111-,臺南市立仁愛之家業務組,業務組,3,395120100J
395120112-,臺南市立仁愛之家總務組,總務組,3,395120100J
395120200J,臺南市政府照顧服務管理中心,照顧服務管理中心,2,395120000J
395120201-,臺南市政府照顧服務管理中心照顧服務組,照顧服務組,3,395120200J
395120202-,臺南市政府照顧服務管理中心關懷服務組,關懷服務組,3,395120200J
395120300J,臺南市政府家庭暴力暨性侵害防治中心,家庭暴力暨性侵害防治中心,2,395120000J
395120301-,臺南市政府家庭暴力暨性侵害防治中心保護扶助組,保護扶助組,3,395120000J
395120302-,臺南市政府家庭暴力暨性侵害防治中心綜合規劃組,綜合規劃組,3,395120000J
395122000J,臺南市立小康幼兒園,小康幼兒園,2,395040000E
395122100J,臺南市立第二幼兒園,第二幼兒園,2,395040000E
395122200J,臺南市立第三幼兒園,第三幼兒園,2,395040000E
395122300J,臺南市立第四幼兒園,第四幼兒園,2,395040000E
395122400J,臺南市立第五幼兒園,第五幼兒園,2,395040000E
395122500J,臺南市立第六幼兒園,第六幼兒園,2,395040000E
395122700J,臺南市立麻豆幼兒園,麻豆幼兒園,2,395040000E
395122800J,臺南市立新化幼兒園,新化幼兒園,2,395040000E
395123000J,臺南市立學甲幼兒園,學甲幼兒園,2,395040000E
395123100J,臺南市立下營幼兒園,下營幼兒園,2,395040000E
395123200J,臺南市立六甲幼兒園,六甲幼兒園,2,395040000E
395123400J,臺南市立將軍幼兒園,將軍幼兒園,2,395040000E
395123500J,臺南市立新市幼兒園,新市幼兒園,2,395040000E
395123700J,臺南市立仁德幼兒園,仁德幼兒園,2,395040000E
395123800J,臺南市立歸仁幼兒園,歸仁幼兒園,2,395040000E
395123900J,臺南市立關廟幼兒園,關廟幼兒園,2,395040000E
395124100J,臺南市立永康幼兒園,永康幼兒園,2,395040000E
395130000C,臺南市政府警察局,警察局,1,395000000A
395130100C,臺南市政府警察局保安警察大隊,保安警察大隊,2,395130000C
395130200C,臺南市政府警察局刑事警察大隊,刑事警察大隊,2,395130000C
395130300C,臺南市政府警察局交通警察大隊,交通警察大隊,2,395130000C
395130500C,臺南市政府警察局婦幼警察隊,婦幼警察隊,2,395130000C
395132000C,臺南市政府警察局第一分局,第一分局,2,395130000C
395132100C,臺南市政府警察局第二分局,第二分局,2,395130000C
395132200C,臺南市政府警察局第三分局,第三分局,2,395130000C
395132300C,臺南市政府警察局第四分局,第四分局,2,395130000C
395132400C,臺南市政府警察局第五分局,第五分局,2,395130000C
395132500C,臺南市政府警察局第六分局,第六分局,2,395130000C
395132600C,臺南市政府警察局新營分局,新營分局,2,395130000C
395132700C,臺南市政府警察局白河分局,白河分局,2,395130000C
395132800C,臺南市政府警察局學甲分局,學甲分局,2,395130000C
395132900C,臺南市政府警察局佳里分局,佳里分局,2,395130000C
395133000C,臺南市政府警察局麻豆分局,麻豆分局,2,395130000C
395133100C,臺南市政府警察局善化分局,善化分局,2,395130000C
395133200C,臺南市政府警察局新化分局,新化分局,2,395130000C
395133300C,臺南市政府警察局玉井分局,玉井分局,2,395130000C
395133400C,臺南市政府警察局歸仁分局,歸仁分局,2,395130000C
395133500C,臺南市政府警察局永康分局,永康分局,2,395130000C
395135000C,臺南市政府警察局少年警察隊,少年警察隊,2,395130000C
395140000I,臺南市政府衛生局,衛生局,1,395000000A
395140100-,臺南市政府衛生局局長室,局長室,2,395140000I
395140200-,臺南市政府衛生局副局長室,副局長室,2,395140000I
395140300-,臺南市政府衛生局主任秘書室,主任秘書室,2,395140000I
395140400-,臺南市政府衛生局秘書室,秘書室,2,395140000I
395140401-,臺南市政府衛生局秘書室庶務股,庶務股,3,395140400-
395140402-,臺南市政府衛生局秘書室文書股,文書股,3,395140400-
395140500-,臺南市政府衛生局人事室,人事室,2,395140000I
395140600-,臺南市政府衛生局會計室,會計室,2,395140000I
395140700-,臺南市政府衛生局政風室,政風室,2,395140000I
395140800-,臺南市政府衛生局綜合企劃科,綜合企劃科,2,395140000I
395140801-,臺南市政府衛生局綜合企劃科施政管考股,施政管考股,3,395140800-
395140802-,臺南市政府衛生局綜合企劃科研究發展股,研究發展股,3,395140800-
395140900-,臺南市政府衛生局疾病管制科,疾病管制科,2,395140000I
395140901-,臺南市政府衛生局疾病管制科疾病監測股,疾病監測股,3,395140900-
395140902-,臺南市政府衛生局疾病管制科傳染病防治股,傳染病防治股,3,395140900-
395140903-,臺南市政府衛生局疾病管制科營業衛生管理股,營業衛生管理股,3,395140900-
395141000-,臺南市政府衛生局醫事科,醫事科,2,395140000I
395141001-,臺南市政府衛生局醫事科醫政股,醫政股,3,395141000-
395141002-,臺南市政府衛生局醫事科市醫管理股,市醫管理股,3,395141000-
395141003-,臺南市政府衛生局醫事科緊急救護股,緊急救護股,3,395141000-
395141100-,臺南市政府衛生局國民健康科,國民健康科,2,395140000I
395141101-,臺南市政府衛生局國民健康科健康促進股,健康促進股,3,395141100-
395141102-,臺南市政府衛生局國民健康科保健管理股,保健管理股,3,395141100-
395141103-,臺南市政府衛生局國民健康科婦幼健康股,婦幼健康股,3,395141100-
395141104-,臺南市政府衛生局國民健康科婦幼衛生股,婦幼衛生股,3,395141100-
395141200-,臺南市政府衛生局食品藥物管理科,食品藥物管理科,2,395140000I
395141201-,臺南市政府衛生局食品藥物管理科藥政股,藥政股,3,395141200-
395141202-,臺南市政府衛生局食品藥物管理科風險管理股,風險管理股,3,395141200-
395141203-,臺南市政府衛生局食品藥物管理科食品衛生股,食品衛生股,3,395141200-
395141300-,臺南市政府衛生局心理健康科,心理健康科,2,395140000I
395141301-,臺南市政府衛生局心理健康科心理衛生股,心理衛生股,3,395141300-
395141302-,臺南市政府衛生局心理健康科毒品防制及精神衛生股,毒品防制及精神衛生股,3,395141300-
395141400-,臺南市政府衛生局檢驗科,檢驗科,2,395140000I
395141401-,臺南市政府衛生局檢驗科分析化學股,分析化學股,3,395141400-
395141402-,臺南市政府衛生局檢驗科生物醫學股,生物醫學股,3,395141400-
395141500-,臺南市政府衛生局衛生稽查科,衛生稽查科,2,395140000I
395141501-,臺南市政府衛生局衛生稽查科醫菸稽查股,醫菸稽查股,3,395141500-
395141502-,臺南市政府衛生局衛生稽查科食藥稽查股,食藥稽查股,3,395141500-
395141503-,臺南市政府衛生局衛生稽查科綜合稽查股,綜合稽查股,3,395141500-
395141504-,臺南市政府衛生局衛生稽查科食品稽查股,食品稽查股,3,395141500-
395142000I,臺南市東區衛生所,東區衛生所,2,395140000I
395142100I,臺南市南區衛生所,南區衛生所,2,395140000I
395142200I,臺南市北區衛生所,北區衛生所,2,395140000I
395142300I,臺南市安南區衛生所,安南區衛生所,2,395140000I
395142400I,臺南市安平區衛生所,安平區衛生所,2,395140000I
395142500I,臺南市中西區衛生所,中西區衛生所,2,395140000I
395142600I,臺南市新營區衛生所,新營區衛生所,2,395140000I
395142700I,臺南市鹽水區衛生所,鹽水區衛生所,2,395140000I
395142800I,臺南市白河區衛生所,白河區衛生所,2,395140000I
395142900I,臺南市麻豆區衛生所,麻豆區衛生所,2,395140000I
395143000I,臺南市佳里區衛生所,佳里區衛生所,2,395140000I
395143100-,臺南市政府登革熱防治中心,登革熱防治中心,2,395140000I
395143100I,臺南市新化區衛生所,新化區衛生所,2,395140000I
395143101-,臺南市政府登革熱防治中心病媒蚊監測組 ,病媒蚊監測組 ,3,395143100-
395143102-,臺南市政府登革熱防治中心疫情分析組,疫情分析組,3,395143100-
395143103-,臺南市政府登革熱防治中心資訊組,資訊組,3,395143100-
395143104-,臺南市政府登革熱防治中心化學防治組,化學防治組及行政組,3,395143100-
395143105-,臺南市政府登革熱防治中心行政組,行政組,3,395143100-
395143200I,臺南市善化區衛生所,善化區衛生所,2,395140000I
395143300I,臺南市學甲區衛生所,學甲區衛生所,2,395140000I
395143400I,臺南市柳營區衛生所,柳營區衛生所,2,395140000I
395143500I,臺南市後壁區衛生所,後壁區衛生所,2,395140000I
395143600I,臺南市東山區衛生所,東山區衛生所,2,395140000I
395143700I,臺南市下營區衛生所,下營區衛生所,2,395140000I
395143800I,臺南市六甲區衛生所,六甲區衛生所,2,395140000I
395143900I,臺南市官田區衛生所,官田區衛生所,2,395140000I
395144000I,臺南市大內區衛生所,大內區衛生所,2,395140000I
395144100I,臺南市西港區衛生所,西港區衛生所,2,395140000I
395144200I,臺南市七股區衛生所,七股區衛生所,2,395140000I
395144300I,臺南市將軍區衛生所,將軍區衛生所,2,395140000I
395144400I,臺南市北門區衛生所,北門區衛生所,2,395140000I
395144500I,臺南市新市區衛生所,新市區衛生所,2,395140000I
395144600I,臺南市安定區衛生所,安定區衛生所,2,395140000I
395144700I,臺南市山上區衛生所,山上區衛生所,2,395140000I
395144800I,臺南市玉井區衛生所,玉井區衛生所,2,395140000I
395144900I,臺南市楠西區衛生所,楠西區衛生所,2,395140000I
395145000I,臺南市南化區衛生所,南化區衛生所,2,395140000I
395145100I,臺南市左鎮區衛生所,左鎮區衛生所,2,395140000I
395145200I,臺南市仁德區衛生所,仁德區衛生所,2,395140000I
395145300I,臺南市歸仁區衛生所,歸仁區衛生所,2,395140000I
395145400I,臺南市關廟區衛生所,關廟區衛生所,2,395140000I
395145500I,臺南市龍崎區衛生所,龍崎區衛生所,2,395140000I
395145600I,臺南市永康區衛生所,永康區衛生所,2,395140000I
395150000I,臺南市政府環境保護局,環境保護局,1,395000000A
395150001-,臺南市政府環境保護局局長室,局長室,2,395150000I
395150002-,臺南市政府環境保護局副局長室,副局長室,2,395150000I
395150003-,臺南市政府環境保護局主任秘書室,主任秘書室,2,395150000I
395150004-,臺南市政府環境保護局專門委員室,專門委員室,2,395150000I
395150005-,臺南市政府環境保護局簡任技正室,簡任技正室,2,395150000I
395150011-,臺南市政府環境保護局秘書室,秘書室,2,395150000I
3951500111,臺南市政府環境保護局秘書室採購股,採購股,3,395150011-
3951500112,臺南市政府環境保護局秘書室事務股,事務股,3,395150011-
395150012-,臺南市政府環境保護局人事室,人事室,2,395150000I
395150013-,臺南市政府環境保護局會計室,會計室,2,395150000I
395150014-,臺南市政府環境保護局政風室,政風室,2,395150000I
395150021-,臺南市政府環境保護局綜合規劃科,綜合規劃科,2,395150000I
3951500211,臺南市政府環境保護局綜合規劃科環境教育股,環境教育股,3,395150021-
3951500212,臺南市政府環境保護局綜合規劃科環境評估股,環境評估股,3,395150021-
395150022-,臺南市政府環境保護局空氣及噪音管理科,空氣及噪音管理科,2,395150000I
3951500221,臺南市政府環境保護局空氣及噪音管理科移動污染源管理股,移動污染源管理股,3,395150022-
3951500222,臺南市政府環境保護局空氣及噪音管理科固定污染源管理股,固定污染源管理股,3,395150022-
3951500223,臺南市政府環境保護局空氣及噪音管理科空氣品質管理股,空氣品質管理股,3,395150022-
395150023-,臺南市政府環境保護局土壤污染管理科,土壤污染管理科,2,395150000I
3951500231,臺南市政府環境保護局土壤污染管理科非法棄置管理股,非法棄置管理股,3,395150023-
3951500232,臺南市政府環境保護局土壤污染管理科土水防治股,土水防治股,3,395150023-
395150024-,臺南市政府環境保護局一般廢棄物管理科,一般廢棄物管理科,2,395150000I
3951500241,臺南市政府環境保護局一般廢棄物管理科一般廢棄物管理股,一般廢棄物管理股,3,395150024-
3951500242,臺南市政府環境保護局一般廢棄物管理科資源再利用股,資源再利用股,3,395150024-
395150025-,臺南市政府環境保護局事業廢棄物管理科,事業廢棄物管理科,2,395150000I
3951500251,臺南市政府環境保護局事業廢棄物管理科事業廢棄物管理股,事業廢棄物管理股,3,395150025-
3951500252,臺南市政府環境保護局事業廢棄物管理科清除處理機構管理股,清除處理機構管理股,3,395150025-
395150026-,臺南市政府環境保護局清淨家園管理科,清淨家園管理科,2,395150000I
3951500261,臺南市政府環境保護局清淨家園管理科環境衛生股,環境衛生股,3,395150026-
3951500262,臺南市政府環境保護局清淨家園管理科隊員管理股,隊員管理股,3,395150026-
395150027-,臺南市政府環境保護局水域及毒物管理科,水域及毒物管理科,2,395150000I
3951500271,臺南市政府環境保護局水域及毒物管理科毒物及環藥管理股,毒物及環藥管理股,3,395150027-
3951500272,臺南市政府環境保護局水域及毒物管理科水質保護股,水質保護股,3,395150027-
395150028-,臺南市政府環境保護局稽查檢驗科,稽查檢驗科,2,395150000I
3951500281,臺南市政府環境保護局環境稽查科環境稽查股,環境稽查股,3,395150028-
3951500282,臺南市政府環境保護局環境稽查科檢驗裁決股,檢驗裁決股,3,395150028-
3951500401,臺南市政府環境保護局清潔管理科東區清潔隊,東區清潔隊,3,395150026-
3951500402,臺南市政府環境保護局清潔管理科中西安平區清潔隊,中西安平區清潔隊,3,395150026-
3951500403,臺南市政府環境保護局清潔管理科南區清潔隊,南區清潔隊,3,395150026-
3951500404,臺南市政府環境保護局清潔管理科北區清潔隊,北區清潔隊,3,395150026-
3951500405,臺南市政府環境保護局清潔管理科安南區清潔隊,安南區清潔隊,3,395150026-
3951500406,臺南市政府環境保護局清潔管理科資源回收隊,資源回收隊,3,395150026-
3951500407,臺南市政府環境保護局清潔管理科新營區清潔隊,新營區清潔隊,3,395150026-
3951500408,臺南市政府環境保護局清潔管理科永康區清潔隊,永康區清潔隊,3,395150026-
3951500409,臺南市政府環境保護局清潔管理科鹽水區清潔隊,鹽水區清潔隊,3,395150026-
3951500410,臺南市政府環境保護局清潔管理科白河區清潔,白河區清潔,3,395150026-
3951500411,臺南市政府環境保護局清潔管理科麻豆區清潔隊,麻豆區清潔隊,3,395150026-
3951500412,臺南市政府環境保護局清潔管理科佳里區清潔隊,佳里區清潔隊,3,395150026-
3951500413,臺南市政府環境保護局清潔管理科新化區清潔隊,新化區清潔隊,3,395150026-
3951500414,臺南市政府環境保護局清潔管理科善化區清潔隊,善化區清潔隊,3,395150026-
3951500415,臺南市政府環境保護局清潔管理科學甲區清潔隊,學甲區清潔隊,3,395150026-
3951500416,臺南市政府環境保護局清潔管理科柳營區清潔隊,柳營區清潔隊,3,395150026-
3951500417,臺南市政府環境保護局清潔管理科後壁區清潔隊,後壁區清潔隊,3,395150026-
3951500418,臺南市政府環境保護局清潔管理科東山區清潔隊,東山區清潔隊,3,395150026-
3951500419,臺南市政府環境保護局清潔管理科下營區清潔隊,下營區清潔隊,3,395150026-
3951500420,臺南市政府環境保護局清潔管理科六甲區清潔隊,六甲區清潔隊,3,395150026-
3951500421,臺南市政府環境保護局清潔管理科官田區清潔隊,官田區清潔隊,3,395150026-
3951500422,臺南市政府環境保護局清潔管理科大內區清潔隊,大內區清潔隊,3,395150026-
3951500423,臺南市政府環境保護局清潔管理科西港區清潔隊,西港區清潔隊,3,395150026-
3951500424,臺南市政府環境保護局清潔管理科七股區清潔隊,七股區清潔隊,3,395150026-
3951500425,臺南市政府環境保護局清潔管理科將軍區清潔隊,將軍區清潔隊,3,395150026-
3951500426,臺南市政府環境保護局清潔管理科北門區清潔隊,北門區清潔隊,3,395150026-
3951500427,臺南市政府環境保護局清潔管理科新市區清潔隊,新市區清潔隊,3,395150026-
3951500428,臺南市政府環境保護局清潔管理科安定區清潔隊,安定區清潔隊,3,395150026-
3951500429,臺南市政府環境保護局清潔管理科山上區清潔隊,山上區清潔隊,3,395150026-
3951500430,臺南市政府環境保護局清潔管理科玉井區清潔隊,玉井區清潔隊,3,395150026-
3951500431,臺南市政府環境保護局清潔管理科楠西區清潔隊,楠西區清潔隊,3,395150026-
3951500432,臺南市政府環境保護局清潔管理科南化區清潔隊,南化區清潔隊,3,395150026-
3951500433,臺南市政府環境保護局清潔管理科左鎮區清潔隊,左鎮區清潔隊,3,395150026-
3951500434,臺南市政府環境保護局清潔管理科仁德區清潔隊,仁德區清潔隊,3,395150026-
3951500435,臺南市政府環境保護局清潔管理科歸仁區清潔隊,歸仁區清潔隊,3,395150026-
3951500436,臺南市政府環境保護局清潔管理科關廟區清潔隊,關廟區清潔隊,3,395150026-
3951500437,臺南市政府環境保護局清潔管理科龍崎區清潔隊,龍崎區清潔隊,3,395150026-
395160000A,臺南市政府地政局,地政局,1,395000000A
395160011-,臺南市政府地政局政風室,政風室,2,395160000A
395160012-,臺南市政府地政局會計室,會計室,2,395160000A
395160013-,臺南市政府地政局人事室,人事室,2,395160000A
395160014-,臺南市政府地政局秘書室,秘書室,2,395160000A
395160021-,臺南市政府地政局地籍科,地籍科,2,395160000A
395160022-,臺南市政府地政局市地重劃科,市地重劃科,2,395160000A
395160023-,臺南市政府地政局資訊地價科,資訊地價科,2,395160000A
395160024-,臺南市政府地政局地用科,地用科,2,395160000A
395160025-,臺南市政府地政局測量科,測量科,2,395160000A
3951600251,臺南市政府地政局測量科第一股,測量科第一股,3,395160025-
3951600252,臺南市政府地政局測量科第二股,測量科第二股,3,395160025-
395160026-,臺南市政府地政局區段徵收科,區段徵收科,2,395160000A
395160027-,臺南市政府地政局農地重劃科,農地重劃科,2,395160000A
395160028-,臺南市政府地政局開發工程科,開發工程科,2,395160000A
395162000A,臺南市臺南地政事務所,臺南地政事務所,2,395160000A
395162011-,臺南市臺南地政事務所人事室,人事室,3,395162000A
395162012-,臺南市臺南地政事務所會計室,會計室,3,395162000A
395162013-,臺南市臺南地政事務所登記課,登記課,3,395162000A
395162014-,臺南市臺南地政事務所測量課,測量課,3,395162000A
395162015-,臺南市臺南地政事務所地價課,地價課,3,395162000A
395162016-,臺南市臺南地政事務所地用課,地用課,3,395162000A
395162017-,臺南市臺南地政事務所資訊課,資訊課,3,395162000A
395162100A,臺南市安南地政事務所,安南地政事務所,2,395160000A
395162200A,臺南市東南地政事務所,東南地政事務所,2,395160000A
395162300A,臺南市鹽水地政事務所,鹽水地政事務所,2,395160000A
395162400A,臺南市白河地政事務所,白河地政事務所,2,395160000A
395162500A,臺南市麻豆地政事務所,麻豆地政事務所,2,395160000A
395162600A,臺南市佳里地政事務所,佳里地政事務所,2,395160000A
395162700A,臺南市新化地政事務所,新化地政事務所,2,395160000A
395162800A,臺南市玉井地政事務所,玉井地政事務所,2,395160000A
395162900A,臺南市歸仁地政事務所,歸仁地政事務所,2,395160000A
395163000A,臺南市永康地政事務所,永康地政事務所,2,395160000A
395170000G,臺南市政府經濟發展局,經濟發展局,1,395000000A
395170001-,臺南市政府經濟發展局局長室,局長室,2,395170000G
395170002-,臺南市政府經濟發展局副局長室,副局長室,2,395170000G
395170011-,臺南市政府經濟發展局人事室,人事室,2,395170000G
395170012-,臺南市政府經濟發展局會計室,會計室,2,395170000G
395170013-,臺南市政府經濟發展局政風室,政風室,2,395170000G
395170014-,臺南市政府經濟發展局秘書室,秘書室,2,395170000G
395170021-,臺南市政府經濟發展局產業發展科,產業發展科,2,395170000G
3951700211,臺南市政府經濟發展局產業發展科輔導股,輔導股,3,395170021-
3951700212,臺南市政府經濟發展局產業發展科規劃股,規劃股,3,395170021-
395170022-,臺南市政府經濟發展局工業區科,工業區科,2,395170000G
3951700221,臺南市政府經濟發展局工業區開發科開發股,開發股,3,395170022-
3951700222,臺南市政府經濟發展局工業區開發科管理股,管理股,3,395170022-
3951700223,臺南市政府經濟發展局工業區開發科柳科管理股,柳科管理股,3,395170022-
395170023-,臺南市政府經濟發展局市場科,市場科,2,395170000G
3951700231,臺南市政府經濟發展局市場科市場一股,市場一股,3,395170023-
3951700232,臺南市政府經濟發展局市場科市場二股,市場二股,3,395170023-
3951700233,臺南市政府經濟發展局市場科市場三股,市場三股,3,395170023-
3951700234,臺南市政府經濟發展局市場科工程股,工程股,3,395170023-
395170024-,臺南市政府經濟發展局商業科,商業科,2,395170000G
395170025-,臺南市政府經濟發展局工商行政科,工商行政科,2,395170000G
3951700251,臺南市政府經濟發展局工商行政科登記股,登記股,3,395170025-
3951700252,臺南市政府經濟發展局工商行政科行政股,行政股,3,395170025-
395170026-,臺南市政府經濟發展局能源科,能源科,2,395170000G
395170027-,臺南市政府經濟發展局投資商務科,投資商務科,2,395170000G
395170100G,臺南市市場處,市場處,2,395170000G
395170111-,臺南市市場處秘書室,秘書室,3,395170100G
395170112-,臺南市市場處人事室,人事室,3,395170100G
395170113-,臺南市市場處會計室,會計室,3,395170100G
395170114-,臺南市市場處政風室,政風室,3,395170100G
395170121-,臺南市市場處經營一科,經營一科,3,395170100G
395170122-,臺南市市場處經營二科,經營二科,3,395170100G
395170123-,臺南市市場處攤販科,攤販科,3,395170100G
395170124-,臺南市市場處工程科,工程科,3,395170100G
395240000J,臺南市政府勞工局,勞工局,1,395000000A
395240003-,臺南市政府勞工局主任秘書室,主任秘書室,2,395240000J
395240011-,臺南市政府勞工局秘書室,秘書室,2,395240000J
395240012-,臺南市政府勞工局人事室,人事室,2,395240000J
395240013-,臺南市政府勞工局會計室,會計室,2,395240000J
395240014-,臺南市政府勞工局政風室,政風室,2,395240000J
395240021-,臺南市政府勞工局就業促進科,就業促進科,2,395240000J
395240022-,臺南市政府勞工局勞安福利科,勞安福利科,2,395240000J
395240023-,臺南市政府勞工局勞動條件科,勞動條件科,2,395240000J
395240024-,臺南市政府勞工局勞資關係科,勞資關係科,2,395240000J
395240031-,臺南市政府勞工局勞動檢查中心,勞動檢查中心,2,395240000J
395240200J,臺南市政府勞工局職訓就服中心,職訓就服中心,2,395240000J
395250000G,臺南市政府水利局,水利局,1,395000000A
395250001-,臺南市政府水利局局長室,局長室,2,395250000G
395250002-,臺南市政府水利局副局長室,副局長室,2,395250000G
395250003-,臺南市政府水利局主任秘書室,主任秘書室,2,395250000G
395250004-,臺南市政府水利局總工程司室,總工程司室,2,395250000G
395250005-,臺南市政府水利局副總工程司室,副總工程司室,2,395250000G
395250006-,臺南市政府水利局專門委員室,專門委員室,2,395250000G
395250011-,臺南市政府水利局秘書室,秘書室,2,395250000G
395250012-,臺南市政府水利局人事室,人事室,2,395250000G
395250013-,臺南市政府水利局政風室,政風室,2,395250000G
395250014-,臺南市政府水利局會計室,會計室,2,395250000G
395250021-,臺南市政府水利局綜合企劃科,綜合企劃科,2,395250000G
395250022-,臺南市政府水利局水利行政科,水利行政科,2,395250000G
395250023-,臺南市政府水利局水利新建工程科,水利新建工程科,2,395250000G
395250024-,臺南市政府水利局水利養護工程科,水利養護工程科,2,395250000G
395250025-,臺南市政府水利局水土保持工程科,水土保持工程科,2,395250000G
395250026-,臺南市政府水利局污水新建工程科,污水新建工程科,2,395250000G
395250027-,臺南市政府水利局雨水下水道工程科,雨水下水道工程科,2,395250000G
395250028-,臺南市政府水利局污水養護工程科,污水養護工程科,2,395250000G
395250029-,臺南市政府水利局水門抽水站管理科,水門抽水站管理科,2,395250000G
395270000G,臺南市政府農業局,農業局,1,395000000A
395270011-,臺南市政府農業局秘書室,秘書室,2,395270000G
395270012-,臺南市政府農業局人事室,人事室,2,395270000G
395270013-,臺南市政府農業局會計室,會計室,2,395270000G
395270014-,臺南市政府農業局政風室,政風室,2,395270000G
395270021-,臺南市政府農業局農務科,農務科,2,395270000G
395270022-,臺南市政府農業局森林及自然保育科,森林及自然保育科,2,395270000G
395270023-,臺南市政府農業局漁業科,漁業科,2,395270000G
395270024-,臺南市政府農業局畜產科,畜產科,2,395270000G
395270025-,臺南市政府農產行銷科,農產行銷科,2,395270000G
395270026-,臺南市政府農會輔導科,農會輔導科,2,395270000G
395270027-,臺南市政府農地管理工程科,農地管理工程科,2,395270000G
395270100I,臺南市動物防疫保護處,動物防疫保護處,2,395270000G
395270111-,臺南市動物防疫保護處家禽保健組,家禽保健組,3,395270100I
395270112-,臺南市動物防疫保護處家畜保健組,家畜保健組,3,395270100I
395270113-,臺南市動物防疫保護處動物公共衛生組,動物公共衛生組,3,395270100I
395270114-,臺南市動物防疫保護處水產及動物檢驗組,水產及動物檢驗組,3,395270100I
395270115-,臺南市動物防疫保護處動物保護組,動物保護組,3,395270100I
395270116-,臺南市動物防疫保護處動物收容組,動物收容組,3,395270100I
395270200G,臺南市漁港及近海管理所,漁港及近海管理所,2,395270000G
395290000H,臺南市政府交通局,交通局,1,395000000A
395290001-,臺南市政府交通局局長室,局長室,2,395290000H
395290002-,臺南市政府交通局副局長室,副局長室,2,395290000H
395290003-,臺南市政府交通局主任秘書室,主任秘書室,2,395290000H
395290004-,臺南市政府交通局專門委員室,專門委員室,2,395290000H
395290011-,臺南市政府交通局人事室,人事室,2,395290000H
395290012-,臺南市政府交通局會計室,會計室,2,395290000H
395290013-,臺南市政府交通局政風室,政風室,2,395290000H
395290014-,臺南市政府交通局秘書室,秘書室,2,395290000H
395290019-,臺南市政府交通局公共關係室,公共關係室,2,395290000H
395290021-,臺南市政府交通局運輸管理科,運輸管理科,2,395290000H
3952900211,臺南市政府交通局運輸管理科管理股,管理股,3,395290021-
3952900212,臺南市政府交通局運輸管理科設施股,設施股,3,395290021-
395290022-,臺南市政府交通局綜合規劃科,綜合規劃科,2,395290000H
3952900221,臺南市政府交通局綜合規劃科運輸規劃股,運輸規劃股,3,395290022-
3952900222,臺南市政府交通局綜合規劃科交通行政股,交通行政股,3,395290022-
395290024-,臺南市政府交通局交通工程科,交通工程科,2,395290000H
3952900241,臺南市政府交通局交通工程科管制股,管制股,3,395290024-
3952900242,臺南市政府交通局交通工程科維護股,維護股,3,395290024-
395290031-,臺南市交通事件裁決中心,交通事件裁決中心,2,395290000H
3952900311,臺南市交通事件裁決中心積案催收股,積案催收股,3,395290031-
3952900312,臺南市交通事件裁決中心違規申訴股,違規申訴股,3,395290031-
3952900313,臺南市交通事件裁決中心違規裁罰股,違規裁罰股,3,395290031-
3952900314,臺南市交通事件裁決中心案件管理股,案件管理股,3,395290031-
395290200H,臺南市政府車輛行車事故鑑定委員會,車輛行車事故鑑定委員會,2,395290000H
395290300H,臺南市公共運輸處,公共運輸處,2,395290000H
395290301-,臺南市公共運輸處處長室,處長室,3,395290300H
395290302-,臺南市公共運輸處秘書辦公室,秘書辦公室,3,395290300H
395290306-,臺南市公共運輸處人事室,人事室,3,395290300H
395290307-,臺南市公共運輸處會計室,會計室,3,395290300H
395290308-,臺南市公共運輸處秘書室,秘書室,3,395290300H
395290311-,臺南市公共運輸處運輸設施課,運輸設施課,3,395290300H
395290312-,臺南市公共運輸處營運管理課,營運管理課,3,395290300H
395290313-,臺南市公共運輸處運輸稽查課,運輸稽查課,3,395290300H
395290400H,臺南市停車管理處,停車管理處,2,395290000H
395290401-,臺南市停車管理處處長辦公室,處長辦公室,3,395290400H
395290402-,臺南市停車管理處秘書辦公室,秘書辦公室,3,395290400H
395290411-,臺南市停車管理處企劃工程課,企劃工程課,3,395290400H
395290412-,臺南市停車管理處停車營運課,停車營運課,3,395290400H
395290413-,臺南市停車管理處停車管理課,停車管理課,3,395290400H
395290500H,臺南市捷運工程處籌備處,捷運工程處籌備處,2,395290000H
395290501-,臺南市捷運工程處籌備處綜合規劃組,綜合規劃組,3,395290500H
395290502-,臺南市捷運工程處籌備處工程管理組,工程管理組,3,395290500H
395290503-,臺南市捷運工程處籌備處開發路權組,開發路權組,3,395290500H
395300000H,臺南市政府觀光旅遊局,觀光旅遊局,1,395000000A
395300001-,臺南市政府觀光旅遊局局長室,局長室,2,395300000H
395300002-,臺南市政府觀光旅遊局副局長室,副局長室,2,395300000H
395300003-,臺南市政府觀光旅遊局主任秘書室,主任秘書室,2,395300000H
395300004-,臺南市政府觀光旅遊局專門委員室,專委室,2,395300000H
395300005-,臺南市政府觀光旅遊局簡任技正室,技正室,2,395300000H
395300011-,臺南市政府觀光旅遊局秘書室,秘書室,2,395300000H
395300012-,臺南市政府觀光旅遊局人事室,人事室,2,395300000H
395300013-,臺南市政府觀光旅遊局會計室,會計室,2,395300000H
395300014-,臺南市政府觀光旅遊局政風室,政風室,2,395300000H
395300021-,臺南市政府觀光旅遊局觀光企劃科 [2014.1.1併入技術科],觀光企劃科[2014.1.1併入技術科],2,395300000H
395300022-,臺南市政府觀光旅遊局觀光建設科 [2014.1.1併入技術科],觀光建設科[2014.1.1併入技術科],2,395300000H
395300023-,臺南市政府觀光旅遊局觀光行銷科,觀光行銷科,2,395300000H
3953000231,臺南市政府觀光旅遊局觀光行銷科廣宣股,觀光行銷科廣宣股,3,395300023-
3953000232,臺南市政府觀光旅遊局觀光行銷科活動股,觀光行銷科活動股,3,395300023-
395300024-,臺南市政府觀光旅遊局觀光事業科,觀光事業科,2,395300000H
395300025-,臺南市政府觀光旅遊局旅遊服務科,旅遊服務科,2,395300000H
3953000251,臺南市政府觀光旅遊局旅遊服務科國際股,國際股,3,395300025-
3953000252,臺南市政府觀光旅遊局旅遊服務科國旅股,國旅股,3,395300025-
395300026-,臺南市政府觀光旅遊局風景區管理科,風景區管理科,2,395300000H
3953000261,臺南市政府觀光旅遊局風景區管理科旅服股 [2014失效],旅服股 [2014失效],3,395300026-
3953000262,臺南市政府觀光旅遊局風景區管理科管理股 [2014失效],管理股 [2014失效],3,395300026-
3953000263,臺南市政府觀光旅遊局風景區管理科濱海管理站,風景區管理科濱海管理站,3,395300026-
3953000264,臺南市政府觀光旅遊局風景區管理科德元埤管理站,風景區管理科德元埤管理站,3,395300026-
395300027-,臺南市政府觀光旅遊局觀光技術科,觀光技術科,2,395300000H
395300200H,臺南市虎頭埤風景區管理所,虎頭埤風景區管理所,2,395300000H
395320000A,臺南市政府消防局,消防局,1,395000000A
395320100-,臺南市政府消防局局長室,局長室,2,395320000A
395320200-,臺南市政府消防局副局長室,副局長室,2,395320000A
395320300-,臺南市政府消防局主任秘書室,主任秘書室,2,395320000A
395320400-,臺南市政府消防局會計室,會計室,2,395320000A
395320500-,臺南市政府消防局人事室,人事室,2,395320000A
395320600-,臺南市政府消防局政風室,政風室,2,395320000A
395320700-,臺南市政府消防局秘書室,秘書室,2,395320000A
395320710-,臺南市政府消防局秘書室綜合企劃股,綜合企劃股,3,395320700-
395320720-,臺南市政府消防局秘書室庶務財產股,庶務財產股,3,395320700-
395320730-,臺南市政府消防局秘書室採購品管股,採購品管股,3,395320700-
395320800-,臺南市政府消防局火災預防科,火災預防科,2,395320000A
395320810-,臺南市政府消防局火災預防科安全管理股,安全管理股,3,395320800-
395320820-,臺南市政府消防局火災預防科防火宣導股,防火宣導股,3,395320800-
395320830-,臺南市政府消防局火災預防科危險物品管理股,危險物品管理股,3,395320800-
395320900-,臺南市政府消防局緊急救護科,緊急救護科,2,395320000A
395320910-,臺南市政府消防局緊急救護科救護訓練股,救護訓練股,3,395320900-
395320920-,臺南市政府消防局緊急救護科救護規劃管理股,救護規劃管理股,3,395320900-
395321000-,臺南市政府消防局災害搶救科,災害搶救科,2,395320000A
395321010-,臺南市政府消防局災害搶救科火災搶救股,火災搶救股,3,395321000-
395321020-,臺南市政府消防局災害搶救科教育訓練股,教育訓練股,3,395321000-
395321030-,臺南市政府消防局災害搶救科車輛保養場,車輛保養場,3,395321000-
395321100-,臺南市政府消防局民力運用科,民力運用科,2,395320000A
395321200-,臺南市政府消防局災害管理科,災害管理科,2,395320000A
395321210-,臺南市政府消防局災害管理科災害應變股,災害應變股,3,395321200-
395321220-,臺南市政府消防局災害管理科減災規劃股,減災規劃股,3,395321200-
395321300-,臺南市政府消防局火災調查科,火災調查科,2,395320000A
395321310-,臺南市政府消防局火災調查科火災調查股,火災調查股,3,395321300-
395321320-,臺南市政府消防局火災調查科火災鑑識股,火災鑑識股,3,395321300-
395321400-,臺南市政府消防局指揮中心,指揮中心,2,395320000A
395321410-,臺南市政府消防局指揮中心指揮股,指揮股,3,395321400-
395321420-,臺南市政府消防局指揮中心指揮股,資訊股,3,395321400-
395321500-,臺南市政府消防局第一救災救護大隊,第一救災救護大隊,2,395320000A
395321600-,臺南市政府消防局第二救災救護大隊,第二救災救護大隊,2,395320000A
395321700-,臺南市政府消防局第三救災救護大隊,第三救災救護大隊,2,395320000A
395321800-,臺南市政府消防局第四救災救護大隊,第四救災救護大隊,2,395320000A
395321900-,臺南市政府消防局第五救災救護大隊,第五救災救護大隊,2,395320000A
395322000-,臺南市政府消防局第六救災救護大隊,第六救災救護大隊,2,395320000A
395322100-,臺南市政府消防局第七救災救護大隊,第七救災救護大隊,2,395320000A
395330000E,臺南市政府文化局,文化局,1,395000000A
395330011-,臺南市政府文化局人事室,人事室,2,395330000E
395330012-,臺南市政府文化局會計室,會計室,2,395330000E
395330013-,臺南市政府文化局政風室,政風室,2,395330000E
395330014-,臺南市政府文化局秘書室,秘書室,2,395330000E
395330021-,臺南市政府文化局藝術發展科,藝術發展科,2,395330000E
395330022-,臺南市政府文化局文化建設科,文化建設科,2,395330000E
395330023-,臺南市政府文化局文化資源科,文化資源科,2,395330000E
3953300231,臺南市政府文化局文化資源科一股,一股,3,395330023-
3953300232,臺南市政府文化局文化資源科二股,二股,3,395330023-
395330024-,臺南市政府文化局古蹟維護科,古蹟維護科,2,395330000E
395330025-,臺南市政府文化局社區營造科,社區營造科,2,395330000E
395330026-,臺南市政府文化局文化研究科,文化研究科,2,395330000E
395330027-,臺南市政府文化局古蹟營運科,古蹟營運科,2,395330000E
395330028-,臺南市政府文化局文化園區管理科,文化園區管理科,2,395330000E
3953300281,臺南市政府文化局文化園區管理科一股,一股,3,395330028-
3953300282,臺南市政府文化局文化園區管理科二股,二股,3,395330028-
395330029-,臺南市政府文化局文創發展科,文創發展科,2,395330000E
395330031-,臺南市政府文化局永華文化中心管理科,永華文化中心管理科,2,395330000E
3953300311,臺南市政府永華文化中心管理科一股,一股,3,395330031-
3953300312,臺南市政府永華文化中心管理科二股,二股,3,395330031-
395330032-,臺南市政府文化局民治文化中心管理科,民治文化中心管理科,2,395330000E
3953300321,臺南市政府民治文化中心管理科一股,一股,3,395330032-
3953300322,臺南市政府民治文化中心管理科二股,二股,3,395330032-
395330100E,臺南市立圖書館,圖書館,2,395330000E
395330106-,臺南市立圖書館秘書室,秘書室,3,395330100E
395330111-,臺南市立圖書館總務組,總務組,3,395330100E
395330112-,臺南市立圖書館閱覽組,閱覽組,3,395330100E
395330113-,臺南市立圖書館推廣組,推廣組,3,395330100E
395330114-,臺南市立圖書館採編組,採編組,3,395330100E
395330201-,臺南市立臺南文化中心主任室,主任室,3,395330200E
395330202-,臺南市立臺南文化中心秘書室,秘書室,3,395330200E
395330211-,臺南市立臺南文化中心行政課,行政課,3,395330200E
395330212-,臺南市立臺南文化中心表演藝術課,表演藝術課,3,395330200E
395330213-,臺南市立臺南文化中心藝文推廣課,藝文推廣課,3,395330200E
395330214-,臺南市立臺南文化中心視覺藝術課,視覺藝術課,3,395330200E
395330500E,臺南市文化資產管理處,文化資產管理處,2,395330000E
395330501-,臺南市文化資產管理處處長室,處長室,3,395330500E
395330502-,臺南市文化資產管理處副處長室,副處長室,3,395330500E
395330521-,臺南市文化資產管理處文化資產研究組,文化資產研究組,3,395330500E
395330522-,臺南市文化資產管理處無形文化資產組,無形文化資產組,3,395330500E
395330523-,臺南市文化資產管理處有形文化資產組,有形文化資產組,3,395330500E
395330524-,臺南市文化資產管理處文物管理及行政組,文物管理及行政組,3,395330500E
395360000G,臺南市政府都市發展局,都市發展局,1,395000000A
395360011-,臺南市政府都市發展局人事室,人事室,2,395360000G
395360012-,臺南市政府都市發展局會計室,會計室,2,395360000G
395360013-,臺南市政府都市發展局政風室,政風室,2,395360000G
395360014-,臺南市政府都市發展局秘書室,秘書室,2,395360000G
395360021-,臺南市政府都市發展局都市規劃科,都市規劃科,2,395360000G
395360022-,臺南市政府都市發展局都市計畫管理科,都市計畫管理科,2,395360000G
395360023-,臺南市政府都市發展局都市設計科,都市設計科,2,395360000G
395360024-,臺南市政府都市發展局區域計畫科,區域計畫科,2,395360000G
395360025-,臺南市政府都市發展局綜合企劃及審議科,綜合企劃及審議科,2,395360000G
395360026-,臺南市政府都市發展局地景規劃工程科,地景規劃工程科,2,395360000G
395360027-,臺南市政府都市發展局都市更新科,都市更新科,2,395360000G
395370000D,臺南市政府財政稅務局,財政稅務局,1,395000000A
395370001-,臺南市政府財政稅務局局長室,局長室,2,395370000D
395370002-,臺南市政府財政稅務局副局長室,副局長室,2,395370000D
395370003-,臺南市政府財政稅務局主任秘書室,主任秘書室,2,395370000D
395370004-,臺南市政府財政稅務局專門委員辦公室,專門委員辦公室,2,395370000D
395370005-,臺南市政府財政稅務局秘書辦公室,秘書辦公室,2,395370000D
395370006-,臺南市政府財政稅務局專員辦公室,專員辦公室,2,395370000D
395370011-,臺南市政府財政稅務局秘書室,秘書室,2,395370000D
3953700111,臺南市政府財政稅務局秘書室文書檔案股,文書檔案股,3,395370011-
3953700112,臺南市政府財政稅務局秘書室事務股,事務股,3,395370011-
395370012-,臺南市政府財政稅務局會計室,會計室,2,395370000D
3953700121,臺南市政府財政稅務局會計室徵課統計股,徵課統計股,3,395370012-
3953700122,臺南市政府財政稅務局會計室經費股,經費股,3,395370012-
395370013-,臺南市政府財政稅務局政風室,政風室,2,395370000D
395370014-,臺南市政府財政稅務局人事室,人事室,2,395370000D
395370021-,臺南市政府財政稅務局綜合企劃科,綜合企劃科,2,395370000D
3953700211,臺南市政府財政稅務局綜合企劃科服務宣導股,服務宣導股,3,395370021-
3953700213,臺南市政府財政稅務局納稅服務科企劃管考股,企劃管考股,3,395370021-
395370022-,臺南市政府財政稅務局財產稅科,財產稅科,2,395370000D
3953700221,臺南市政府財政稅務局財產稅科土地稅股,土地稅股,3,395370022-
3953700222,臺南市政府財政稅務局財產稅科房屋稅股,房屋稅股,3,395370022-
395370024-,臺南市政府財政稅務局使用牌照稅科,使用牌照稅科,2,395370000D
395370026-,臺南市政府財政稅務局資訊科,資訊科,2,395370000D
3953700262,臺南市政府財政稅務局電子作業科系統管理股,系統管理股,3,395370026-
3953700263,臺南市政府財政稅務局電子作業科設備管理股,設備管理股,3,395370026-
395370028-,臺南市政府財政稅務局公產管理科,公產管理科,2,395370000D
3953700281,臺南市政府財政稅務局公產管理科公用財產股,公用財產股,3,395370028-
3953700282,臺南市政府財政稅務局公產管理科經營開發股,經營開發股,3,395370028-
395370029-,臺南市政府財政稅務局庫款支付科,庫款支付科,2,395370000D
3953700291,臺南市政府財政稅務局庫款支付科集中支付股,集中支付股,3,395370029-
3953700292,臺南市政府財政稅務局庫款支付科支付管理股,支付管理股,3,395370029-
39537002A-,臺南市政府財政稅務局財務管理科,財務管理科,2,395370000D
39537002A1,臺南市政府財政稅務局財務管理科歲入管理股,歲入管理股,3,39537002A-
39537002A2,臺南市政府財政稅務局財務管理科財務規劃股,財務規劃股,3,39537002A-
39537002B-,臺南市政府財政稅務局菸酒管理科,菸酒管理科,2,395370000D
395370031-,臺南市政府財政稅務局安南分局,安南分局,2,395370000D
3953700311,臺南市政府財政稅務局安南分局土地稅股,土地稅股,3,395370031-
3953700312,臺南市政府財政稅務局安南分局房屋稅股,房屋稅股,3,395370031-
3953700313,臺南市政府財政稅務局安南分局使用牌照稅股,使用牌照稅股,3,395370031-
3953700314,臺南市政府財政稅務局安南分局稅務管理股,稅務管理股,3,395370031-
395370032-,臺南市政府財政稅務局新營分局,新營分局,2,395370000D
3953700321,臺南市政府財政稅務局新營分局土地稅股,土地稅股,3,395370032-
3953700322,臺南市政府財政稅務局新營分局房屋稅股,房屋稅股,3,395370032-
3953700323,臺南市政府財政稅務局新營分局使用牌照稅股,使用牌照稅股,3,395370032-
3953700324,臺南市政府財政稅務局新營分局稅務管理股,稅務管理股,3,395370032-
395370033-,臺南市政府財政稅務局新化分局,新化分局,2,395370000D
3953700331,臺南市政府財政稅務局新化分局地價稅股,地價稅股,3,395370033-
3953700332,臺南市政府財政稅務局新化分局房屋稅股,房屋稅股,3,395370033-
3953700333,臺南市政府財政稅務局新化分局使用牌照稅股,使用牌照稅股,3,395370033-
3953700334,臺南市政府財政稅務局新化分局稅務管理股,稅務管理股,3,395370033-
3953700335,臺南市政府財政稅務局新化分局土地增值稅股,土地增值稅股,3,395370033-
395370034-,臺南市政府財政稅務局佳里分局,佳里分局,2,395370000D
3953700341,臺南市政府財政稅務局佳里分局土地稅股,土地稅股,3,395370034-
3953700342,臺南市政府財政稅務局佳里分局房屋稅股,房屋稅股,3,395370034-
3953700343,臺南市政府財政稅務局佳里分局使用牌照稅股,使用牌照稅股,3,395370034-
3953700344,臺南市政府財政稅務局佳里分局稅務管理股,稅務管理股,3,395370034-
395370035-,臺南市政府財政稅務局臺南分局,臺南分局,2,395370000D
3953700351,臺南市政府財政稅務局臺南分局地價稅股,地價稅股,3,395370035-
3953700352,臺南市政府財政稅務局臺南分局土地增值稅股,土地增值稅股,3,395370035-
3953700353,臺南市政府財政稅務局臺南分局房屋稅股,房屋稅股,3,395370035-
3953700354,臺南市政府財政稅務局臺南分局使用牌照稅股,使用牌照稅股,3,395370035-
3953700355,臺南市政府財政稅務局臺南分局稅務管理股,稅務管理股,3,395370035-
395510000A,臺南市東區區公所,東區區公所,1,395000000A
395520000A,臺南市南區區公所,南區區公所,1,395000000A
395520001-,臺南市南區區公所區長室,區長室,1,395520000A
395530000A,臺南市北區區公所,北區區公所,1,395000000A
395540000A,臺南市安南區公所,安南區公所,1,395000000A
395550000A,臺南市安平區公所,安平區公所,1,395000000A
395550011-,臺南市安平區公所會計室,會計室,2,395550000A
395550012-,臺南市安平區公所人事室,人事室,2,395550000A
395550013-,臺南市安平區公所政風室,政風室,2,395550000A
395550021-,臺南市安平區公所民政課,民政課,2,395550000A
395550022-,臺南市安平區公所社政課,社政課,2,395550000A
395550023-,臺南市安平區公所行政及役政課,行政及役政課,2,395550000A
395550024-,臺南市安平區公所經建課,經建課,2,395550000A
395560000A,臺南市中西區公所,中西區公所,1,395000000A
395570000A,臺南市新營區公所,新營區公所,1,395000000A
395580000A,臺南市鹽水區公所,鹽水區公所,1,395000000A
395590000A,臺南市白河區公所,白河區公所,1,395000000A
395600000A,臺南市麻豆區公所,麻豆區公所,1,395000000A
395610000A,臺南市佳里區公所,佳里區公所,1,395000000A
395620000A,臺南市新化區公所,新化區公所,1,395000000A
395630000A,臺南市善化區公所,善化區公所,1,395000000A
395630001-,臺南市善化區公所區長室,區長室,2,395630000A
395630002-,臺南市善化區公所主任秘書室,主任秘書室,2,395630000A
395630012-,臺南市善化區公所人事室,人事室,2,395630000A
395630013-,臺南市善化區公所會計室,會計室,2,395630000A
395630014-,臺南市善化區公所政風室,政風室,2,395630000A
395630021-,臺南市善化區公所行政課,行政課,2,395630000A
395630022-,臺南市善化區公所民政及人文課,民政及人文課,2,395630000A
395630023-,臺南市善化區公所社會課,社會課,2,395630000A
395630024-,臺南市善化區公所農業及建設課,農業及建設課,2,395630000A
395640000A,臺南市學甲區公所,學甲區公所,1,395000000A
395650000A,臺南市柳營區公所,柳營區公所,1,395000000A
395660000A,臺南市後壁區公所,後壁區公所,1,395000000A
395670000A,臺南市東山區公所,東山區公所,1,395000000A
395680000A,臺南市下營區公所,下營區公所,1,395000000A
395680001-,臺南市下營區公所區長室,區長室,2,395680000A
395680002-,"臺南市下營區公所主任秘書室
","主任秘書室
",2,395680000A
395680011-,臺南市下營區公所秘書室,秘書室,2,395680000A
395680012-,臺南市下營區公所人事室,人事室,2,395680000A
395680013-,臺南市下營區公所會計室,會計室,2,395680000A
395680014-,臺南市下營區公所政風室,政風室,2,395680000A
395680016-,臺南市下營區公所圖書館,圖書館,2,395680000A
395680021-,臺南市下營區公所民政課,民政課,2,395680000A
395680022-,臺南市下營區公所社會課,社會課,2,395680000A
395680023-,臺南市下營區公所農業課,農業課,2,395680000A
395680024-,臺南市下營區公所建設課,建設課,2,395680000A
395680031-,臺南市下營區公所蓮華園,蓮華園,2,395680000A
395690000A,臺南市六甲區公所,六甲區公所,1,395000000A
395700000A,臺南市官田區公所,官田區公所,1,395000000A
395710000A,臺南市大內區公所,大內區公所,1,395000000A
395720000A,臺南市西港區公所,西港區公所,1,395000000A
395730000A,臺南市七股區公所,七股區公所,1,395000000A
395740000A,臺南市將軍區公所,將軍區公所,1,395000000A
395750000A,臺南市北門區公所,北門區公所,1,395000000A
395760000A,臺南市新市區公所,新市區公所,1,395000000A
395770000A,臺南市安定區公所,安定區公所,1,395000000A
395780000A,臺南市山上區公所,山上區公所,1,395000000A
395790000A,臺南市玉井區公所,玉井區公所,1,395000000A
395800000A,臺南市楠西區公所,楠西區公所,1,395000000A
395810000A,臺南市南化區公所,南化區公所,1,395000000A
395820000A,臺南市左鎮區公所,左鎮區公所,1,395000000A
395830000A,臺南市仁德區公所,仁德區公所,1,395000000A
395840000A,臺南市歸仁區公所,歸仁區公所,1,395000000A
395850000A,臺南市關廟區公所,關廟區公所,1,395000000A
395860000A,臺南市龍崎區公所,龍崎區公所,1,395000000A
395870000A,臺南市永康區公所,永康區公所,1,395000000A
395870001-,臺南市永康區公所區長室,區長室,2,395870000A
395870002-,臺南市永康區公所副區長室,副區長室,2,395870000A
395870003-,臺南市永康區公所主任秘書室,主任秘書室,2,395870000A
395870011-,臺南市永康區公所民政課,民政課,2,395870000A
395870012-,臺南市永康區公所社會課,社會課,2,395870000A
395870013-,臺南市永康區公所工務課,工務課,2,395870000A
395870014-,臺南市永康區公所經建課,經建課,2,395870000A
395870015-,臺南市永康區公所人文課,人文課,2,395870000A
395870016-,臺南市永康區公所行政課,行政課,2,395870000A
395870017-,臺南市永康區公所人事室,人事室,2,395870000A
395870018-,臺南市永康區公所會計室,會計室,2,395870000A
395870019-,臺南市永康區公所政風室,政風室,2,395870000A
395XXXXXXX,未分類機關(單位),未分類機關(單位),1,395000000A
396000000A,(外) 臺南市議會,(外) 臺南市議會,2,395001100-
